,zip_code,city,shipping_zone
0,52760,Huixquilucan,West
1,52763,Huixquilucan,West
2,52764,Huixquilucan,West
3,52765,Huixquilucan,West
4,52766,Huixquilucan,West
5,52767,Huixquilucan,West
6,52768,Huixquilucan,West
7,52769,Huixquilucan,West
8,52770,Huixquilucan,West
9,52773,Huixquilucan,West
10,52774,Huixquilucan,West
11,52775,Huixquilucan,West
12,52776,Huixquilucan,West
13,52777,Huixquilucan,West
14,52778,Huixquilucan,West
15,52779,Huixquilucan,West
16,52780,Huixquilucan,West
17,52783,Huixquilucan,West
18,52784,Huixquilucan,West
19,52785,Huixquilucan,West
20,52786,Huixquilucan,West
21,52787,Huixquilucan,West
22,52788,Huixquilucan,West
23,52789,Huixquilucan,West
24,52790,Huixquilucan,West
25,52793,Huixquilucan,West
26,52794,Huixquilucan,West
27,52795,Huixquilucan,West
28,52796,Huixquilucan,West
29,52797,Huixquilucan,West
30,52798,Huixquilucan,West
31,52799,Huixquilucan,West
32,53000,Naucalpan de Juárez,West
33,53010,Naucalpan de Juárez,West
34,53030,Naucalpan de Juárez,West
35,53040,Naucalpan de Juárez,West
36,53050,Naucalpan de Juárez,West
37,53060,Naucalpan de Juárez,West
38,53070,Naucalpan de Juárez,West
39,53100,Naucalpan de Juárez,West
40,53110,Naucalpan de Juárez,West
41,53115,Naucalpan de Juárez,West
42,53116,Naucalpan de Juárez,West
43,53117,Naucalpan de Juárez,West
44,53119,Naucalpan de Juárez,West
45,53120,Naucalpan de Juárez,West
46,53124,Naucalpan de Juárez,West
47,53125,Naucalpan de Juárez,West
48,53126,Naucalpan de Juárez,West
49,53127,Naucalpan de Juárez,West
50,53128,Naucalpan de Juárez,West
51,53129,Naucalpan de Juárez,West
52,53130,Naucalpan de Juárez,West
53,53138,Naucalpan de Juárez,West
54,53140,Naucalpan de Juárez,West
55,53150,Naucalpan de Juárez,West
56,53160,Naucalpan de Juárez,West
57,53170,Naucalpan de Juárez,West
58,53177,Naucalpan de Juárez,West
59,53178,Naucalpan de Juárez,West
60,53179,Naucalpan de Juárez,West
61,53200,Naucalpan de Juárez,West
62,53215,Naucalpan de Juárez,West
63,53216,Naucalpan de Juárez,West
64,53217,Naucalpan de Juárez,West
65,53218,Naucalpan de Juárez,West
66,53219,Naucalpan de Juárez,West
67,53220,Naucalpan de Juárez,West
68,53224,Naucalpan de Juárez,West
69,53227,Naucalpan de Juárez,West
70,53228,Naucalpan de Juárez,West
71,53229,Naucalpan de Juárez,West
72,53230,Naucalpan de Juárez,West
73,53237,Naucalpan de Juárez,West
74,53239,Naucalpan de Juárez,West
75,53240,Naucalpan de Juárez,West
76,53247,Naucalpan de Juárez,West
77,53248,Naucalpan de Juárez,West
78,53250,Naucalpan de Juárez,West
79,53260,Naucalpan de Juárez,West
80,53270,Naucalpan de Juárez,West
81,53278,Naucalpan de Juárez,West
82,53279,Naucalpan de Juárez,West
83,53280,Naucalpan de Juárez,West
84,53283,Naucalpan de Juárez,West
85,53290,Naucalpan de Juárez,West
86,53296,Naucalpan de Juárez,West
87,53297,Naucalpan de Juárez,West
88,53298,Naucalpan de Juárez,West
89,53300,Naucalpan de Juárez,West
90,53309,Naucalpan de Juárez,West
91,53310,Naucalpan de Juárez,West
92,53320,Naucalpan de Juárez,West
93,53329,Naucalpan de Juárez,West
94,53330,Naucalpan de Juárez,West
95,53338,Naucalpan de Juárez,West
96,53339,Naucalpan de Juárez,West
97,53340,Naucalpan de Juárez,West
98,53348,Naucalpan de Juárez,West
99,53350,Naucalpan de Juárez,West
100,53370,Naucalpan de Juárez,West
101,53378,Naucalpan de Juárez,West
102,53390,Naucalpan de Juárez,West
103,53398,Naucalpan de Juárez,West
104,53400,Naucalpan de Juárez,West
105,53410,Naucalpan de Juárez,West
106,53420,Naucalpan de Juárez,West
107,53425,Naucalpan de Juárez,West
108,53426,Naucalpan de Juárez,West
109,53427,Naucalpan de Juárez,West
110,53428,Naucalpan de Juárez,West
111,53430,Naucalpan de Juárez,West
112,53440,Naucalpan de Juárez,West
113,53450,Naucalpan de Juárez,West
114,53458,Naucalpan de Juárez,West
115,53459,Naucalpan de Juárez,West
116,53460,Naucalpan de Juárez,West
117,53470,Naucalpan de Juárez,West
118,53489,Naucalpan de Juárez,West
119,53490,Naucalpan de Juárez,West
120,53500,Naucalpan de Juárez,West
121,53519,Naucalpan de Juárez,West
122,53520,Naucalpan de Juárez,West
123,53529,Naucalpan de Juárez,West
124,53530,Naucalpan de Juárez,West
125,53533,Naucalpan de Juárez,West
126,53550,Naucalpan de Juárez,West
127,53560,Naucalpan de Juárez,West
128,53569,Naucalpan de Juárez,West
129,53570,Naucalpan de Juárez,West
130,53580,Naucalpan de Juárez,West
131,53598,Naucalpan de Juárez,West
132,53640,Naucalpan de Juárez,West
133,53650,Naucalpan de Juárez,West
134,53653,Naucalpan de Juárez,West
135,53654,Naucalpan de Juárez,West
136,53655,Naucalpan de Juárez,West
137,53658,Naucalpan de Juárez,West
138,53659,Naucalpan de Juárez,West
139,53660,Naucalpan de Juárez,West
140,53664,Naucalpan de Juárez,West
141,53670,Naucalpan de Juárez,West
142,53680,Naucalpan de Juárez,West
143,53687,Naucalpan de Juárez,West
144,53688,Naucalpan de Juárez,West
145,53689,Naucalpan de Juárez,West
146,53690,Naucalpan de Juárez,West
147,53694,Naucalpan de Juárez,West
148,53695,Naucalpan de Juárez,West
149,53696,Naucalpan de Juárez,West
150,53697,Naucalpan de Juárez,West
151,53698,Naucalpan de Juárez,West
152,53700,Naucalpan de Juárez,West
153,53708,Naucalpan de Juárez,West
154,53710,Naucalpan de Juárez,West
155,53713,Naucalpan de Juárez,West
156,53714,Naucalpan de Juárez,West
157,53716,Naucalpan de Juárez,West
158,53717,Naucalpan de Juárez,West
159,53718,Naucalpan de Juárez,West
160,53719,Naucalpan de Juárez,West
161,53730,Naucalpan de Juárez,West
162,53760,Naucalpan de Juárez,West
163,53770,Naucalpan de Juárez,West
164,53780,Naucalpan de Juárez,West
165,53787,Naucalpan de Juárez,West
166,53788,Naucalpan de Juárez,West
167,53790,Naucalpan de Juárez,West
168,53798,Naucalpan de Juárez,West
169,53799,Naucalpan de Juárez,West
170,53800,Naucalpan de Juárez,West
171,53809,Naucalpan de Juárez,West
172,53810,Naucalpan de Juárez,West
173,53819,Naucalpan de Juárez,West
174,53820,Naucalpan de Juárez,West
175,53830,Naucalpan de Juárez,West
176,53839,Naucalpan de Juárez,West
177,53840,Naucalpan de Juárez,West
178,53900,Naucalpan de Juárez,West
179,53909,Naucalpan de Juárez,West
180,53910,Naucalpan de Juárez,West
181,53930,Naucalpan de Juárez,West
182,53940,Naucalpan de Juárez,West
183,53950,Naucalpan de Juárez,West
184,53960,Naucalpan de Juárez,West
185,53970,Naucalpan de Juárez,West
186,52500,Atizapán,North
187,52503,Atizapán,North
188,52504,Atizapán,North
189,52505,Atizapán,North
190,52506,Atizapán,North
191,52900,Atizapán de Zaragoza,North
192,52909,Atizapán de Zaragoza,North
193,52910,Atizapán de Zaragoza,North
194,52915,Atizapán de Zaragoza,North
195,52916,Atizapán de Zaragoza,North
196,52918,Atizapán de Zaragoza,North
197,52919,Atizapán de Zaragoza,North
198,52920,Atizapán de Zaragoza,North
199,52923,Atizapán de Zaragoza,North
200,52924,Atizapán de Zaragoza,North
201,52925,Atizapán de Zaragoza,North
202,52926,Atizapán de Zaragoza,North
203,52927,Atizapán de Zaragoza,North
204,52928,Atizapán de Zaragoza,North
205,52929,Atizapán de Zaragoza,North
206,52930,Atizapán de Zaragoza,North
207,52934,Atizapán de Zaragoza,North
208,52936,Atizapán de Zaragoza,North
209,52937,Atizapán de Zaragoza,North
210,52938,Atizapán de Zaragoza,North
211,52939,Atizapán de Zaragoza,North
212,52940,Atizapán de Zaragoza,North
213,52945,Atizapán de Zaragoza,North
214,52946,Atizapán de Zaragoza,North
215,52947,Atizapán de Zaragoza,North
216,52948,Atizapán de Zaragoza,North
217,52949,Atizapán de Zaragoza,North
218,52950,Atizapán de Zaragoza,North
219,52953,Atizapán de Zaragoza,North
220,52956,Atizapán de Zaragoza,North
221,52957,Atizapán de Zaragoza,North
222,52958,Atizapán de Zaragoza,North
223,52959,Atizapán de Zaragoza,North
224,52960,Atizapán de Zaragoza,North
225,52965,Atizapán de Zaragoza,North
226,52966,Atizapán de Zaragoza,North
227,52967,Atizapán de Zaragoza,North
228,52968,Atizapán de Zaragoza,North
229,52970,Atizapán de Zaragoza,North
230,52975,Atizapán de Zaragoza,North
231,52976,Atizapán de Zaragoza,North
232,52977,Atizapán de Zaragoza,North
233,52978,Atizapán de Zaragoza,North
234,52979,Atizapán de Zaragoza,North
235,52980,Atizapán de Zaragoza,North
236,52985,Atizapán de Zaragoza,North
237,52986,Atizapán de Zaragoza,North
238,52987,Atizapán de Zaragoza,North
239,52988,Atizapán de Zaragoza,North
240,52989,Atizapán de Zaragoza,North
241,52990,Atizapán de Zaragoza,North
242,52994,Atizapán de Zaragoza,North
243,52995,Atizapán de Zaragoza,North
244,52996,Atizapán de Zaragoza,North
245,52997,Atizapán de Zaragoza,North
246,52998,Atizapán de Zaragoza,North
247,54000,Tlalnepantla de Baz,North
248,54009,Tlalnepantla de Baz,North
249,54010,Tlalnepantla de Baz,North
250,54015,Tlalnepantla de Baz,North
251,54016,Tlalnepantla de Baz,North
252,54017,Tlalnepantla de Baz,North
253,54020,Tlalnepantla de Baz,North
254,54021,Tlalnepantla de Baz,North
255,54022,Tlalnepantla de Baz,North
256,54023,Tlalnepantla de Baz,North
257,54025,Tlalnepantla de Baz,North
258,54026,Tlalnepantla de Baz,North
259,54028,Tlalnepantla de Baz,North
260,54030,Tlalnepantla de Baz,North
261,54033,Tlalnepantla de Baz,North
262,54037,Tlalnepantla de Baz,North
263,54038,Tlalnepantla de Baz,North
264,54040,Tlalnepantla de Baz,North
265,54049,Tlalnepantla de Baz,North
266,54050,Tlalnepantla de Baz,North
267,54054,Tlalnepantla de Baz,North
268,54055,Tlalnepantla de Baz,North
269,54057,Tlalnepantla de Baz,North
270,54059,Tlalnepantla de Baz,North
271,54060,Tlalnepantla de Baz,North
272,54063,Tlalnepantla de Baz,North
273,54067,Tlalnepantla de Baz,North
274,54068,Tlalnepantla de Baz,North
275,54069,Tlalnepantla de Baz,North
276,54070,Tlalnepantla de Baz,North
277,54073,Tlalnepantla de Baz,North
278,54075,Tlalnepantla de Baz,North
279,54076,Tlalnepantla de Baz,North
280,54080,Tlalnepantla de Baz,North
281,54090,Tlalnepantla de Baz,North
282,54092,Tlalnepantla de Baz,North
283,54093,Tlalnepantla de Baz,North
284,54094,Tlalnepantla de Baz,North
285,54098,Tlalnepantla de Baz,North
286,54100,Tlalnepantla de Baz,North
287,54108,Tlalnepantla de Baz,North
288,54109,Tlalnepantla de Baz,North
289,54110,Tlalnepantla de Baz,North
290,54118,Tlalnepantla de Baz,North
291,54119,Tlalnepantla de Baz,North
292,54120,Tlalnepantla de Baz,North
293,54124,Tlalnepantla de Baz,North
294,54126,Tlalnepantla de Baz,North
295,54127,Tlalnepantla de Baz,North
296,54128,Tlalnepantla de Baz,North
297,54130,Tlalnepantla de Baz,North
298,54134,Tlalnepantla de Baz,North
299,54135,Tlalnepantla de Baz,North
300,54136,Tlalnepantla de Baz,North
301,54140,Tlalnepantla de Baz,North
302,54142,Tlalnepantla de Baz,North
303,54143,Tlalnepantla de Baz,North
304,54145,Tlalnepantla de Baz,North
305,54146,Tlalnepantla de Baz,North
306,54147,Tlalnepantla de Baz,North
307,54149,Tlalnepantla de Baz,North
308,54150,Tlalnepantla de Baz,North
309,54152,Tlalnepantla de Baz,North
310,54158,Tlalnepantla de Baz,North
311,54160,Tlalnepantla de Baz,North
312,54162,Tlalnepantla de Baz,North
313,54168,Tlalnepantla de Baz,North
314,54170,Tlalnepantla de Baz,North
315,54172,Tlalnepantla de Baz,North
316,54173,Tlalnepantla de Baz,North
317,54180,Tlalnepantla de Baz,North
318,54187,Tlalnepantla de Baz,North
319,54189,Tlalnepantla de Baz,North
320,54190,Tlalnepantla de Baz,North
321,54193,Tlalnepantla de Baz,North
322,54195,Tlalnepantla de Baz,North
323,54196,Tlalnepantla de Baz,North
324,54197,Tlalnepantla de Baz,North
325,54198,Tlalnepantla de Baz,North
326,54900,Tultitlán,North
327,54910,Tultitlán,North
328,54913,Tultitlán,North
329,54914,Tultitlán,North
330,54915,Tultitlán,North
331,54916,Tultitlán,North
332,54918,Tultitlán,North
333,54920,Tultitlán,North
334,54924,Tultitlán,North
335,54925,Tultitlán,North
336,54926,Tultitlán,North
337,54927,Tultitlán,North
338,54929,Tultitlán,North
339,54930,Tultitlán,North
340,54932,Tultitlán,North
341,54933,Tultitlán,North
342,54934,Tultitlán,North
343,54935,Tultitlán,North
344,54938,Tultitlán,North
345,54939,Tultitlán,North
346,54940,Tultitlán,North
347,54942,Tultitlán,North
348,54943,Tultitlán,North
349,54944,Tultitlán,North
350,54945,Tultitlán,North
351,54946,Tultitlán,North
352,54948,Tultitlán,North
353,54949,Tultitlán,North
354,54950,Tultitlán,North
355,54954,Tultitlán,North
356,54955,Tultitlán,North
357,54957,Tultitlán,North
358,54958,Tultitlán,North
359,54959,Tultitlán,North
360,5000,Cuajimalpa de Morelos,West
361,5010,Cuajimalpa de Morelos,West
362,5020,Cuajimalpa de Morelos,West
363,5030,Cuajimalpa de Morelos,West
364,5050,Cuajimalpa de Morelos,West
365,5100,Cuajimalpa de Morelos,West
366,5110,Cuajimalpa de Morelos,West
367,5118,Cuajimalpa de Morelos,West
368,5119,Cuajimalpa de Morelos,West
369,5120,Cuajimalpa de Morelos,West
370,5129,Cuajimalpa de Morelos,West
371,5200,Cuajimalpa de Morelos,West
372,5219,Cuajimalpa de Morelos,West
373,5220,Cuajimalpa de Morelos,West
374,5230,Cuajimalpa de Morelos,West
375,5240,Cuajimalpa de Morelos,West
376,5260,Cuajimalpa de Morelos,West
377,5269,Cuajimalpa de Morelos,West
378,5270,Cuajimalpa de Morelos,West
379,5280,Cuajimalpa de Morelos,West
380,5310,Cuajimalpa de Morelos,West
381,5320,Cuajimalpa de Morelos,West
382,5330,Cuajimalpa de Morelos,West
383,5348,Cuajimalpa de Morelos,West
384,5360,Cuajimalpa de Morelos,West
385,5370,Cuajimalpa de Morelos,West
386,5379,Cuajimalpa de Morelos,West
387,5400,Cuajimalpa de Morelos,West
388,5410,Cuajimalpa de Morelos,West
389,5500,Cuajimalpa de Morelos,West
390,5520,Cuajimalpa de Morelos,West
391,5530,Cuajimalpa de Morelos,West
392,5600,Cuajimalpa de Morelos,West
393,5610,Cuajimalpa de Morelos,West
394,5700,Cuajimalpa de Morelos,West
395,5710,Cuajimalpa de Morelos,West
396,5730,Cuajimalpa de Morelos,West
397,5750,Cuajimalpa de Morelos,West
398,5760,Cuajimalpa de Morelos,West
399,5780,Cuajimalpa de Morelos,West
400,2000,Azcapotzalco,North
401,2010,Azcapotzalco,North
402,2020,Azcapotzalco,North
403,2040,Azcapotzalco,North
404,2050,Azcapotzalco,North
405,2060,Azcapotzalco,North
406,2070,Azcapotzalco,North
407,2080,Azcapotzalco,North
408,2090,Azcapotzalco,North
409,2099,Azcapotzalco,North
410,2100,Azcapotzalco,North
411,2120,Azcapotzalco,North
412,2128,Azcapotzalco,North
413,2129,Azcapotzalco,North
414,2130,Azcapotzalco,North
415,2140,Azcapotzalco,North
416,2150,Azcapotzalco,North
417,2160,Azcapotzalco,North
418,2200,Azcapotzalco,North
419,2230,Azcapotzalco,North
420,2240,Azcapotzalco,North
421,2250,Azcapotzalco,North
422,2300,Azcapotzalco,North
423,2310,Azcapotzalco,North
424,2320,Azcapotzalco,North
425,2330,Azcapotzalco,North
426,2340,Azcapotzalco,North
427,2360,Azcapotzalco,North
428,2400,Azcapotzalco,North
429,2410,Azcapotzalco,North
430,2420,Azcapotzalco,North
431,2440,Azcapotzalco,North
432,2459,Azcapotzalco,North
433,2460,Azcapotzalco,North
434,2470,Azcapotzalco,North
435,2480,Azcapotzalco,North
436,2490,Azcapotzalco,North
437,2500,Azcapotzalco,North
438,2519,Azcapotzalco,North
439,2520,Azcapotzalco,North
440,2530,Azcapotzalco,North
441,2600,Azcapotzalco,North
442,2630,Azcapotzalco,North
443,2640,Azcapotzalco,North
444,2650,Azcapotzalco,North
445,2660,Azcapotzalco,North
446,2670,Azcapotzalco,North
447,2680,Azcapotzalco,North
448,2700,Azcapotzalco,North
449,2710,Azcapotzalco,North
450,2719,Azcapotzalco,North
451,2720,Azcapotzalco,North
452,2730,Azcapotzalco,North
453,2750,Azcapotzalco,North
454,2760,Azcapotzalco,North
455,2770,Azcapotzalco,North
456,2780,Azcapotzalco,North
457,2790,Azcapotzalco,North
458,2800,Azcapotzalco,North
459,2810,Azcapotzalco,North
460,2830,Azcapotzalco,North
461,2840,Azcapotzalco,North
462,2860,Azcapotzalco,North
463,2870,Azcapotzalco,North
464,2900,Azcapotzalco,North
465,2910,Azcapotzalco,North
466,2920,Azcapotzalco,North
467,2930,Azcapotzalco,North
468,2940,Azcapotzalco,North
469,2950,Azcapotzalco,North
470,2960,Azcapotzalco,North
471,2970,Azcapotzalco,North
472,2980,Azcapotzalco,North
473,2990,Azcapotzalco,North
474,11000,Miguel Hidalgo,Center
475,11040,Miguel Hidalgo,Center
476,11100,Miguel Hidalgo,Center
477,11200,Miguel Hidalgo,Center
478,11210,Miguel Hidalgo,Center
479,11220,Miguel Hidalgo,Center
480,11230,Miguel Hidalgo,Center
481,11240,Miguel Hidalgo,Center
482,11250,Miguel Hidalgo,Center
483,11260,Miguel Hidalgo,Center
484,11270,Miguel Hidalgo,Center
485,11280,Miguel Hidalgo,Center
486,11289,Miguel Hidalgo,Center
487,11290,Miguel Hidalgo,Center
488,11300,Miguel Hidalgo,Center
489,11310,Miguel Hidalgo,Center
490,11320,Miguel Hidalgo,Center
491,11330,Miguel Hidalgo,Center
492,11340,Miguel Hidalgo,Center
493,11350,Miguel Hidalgo,Center
494,11360,Miguel Hidalgo,Center
495,11370,Miguel Hidalgo,Center
496,11400,Miguel Hidalgo,Center
497,11410,Miguel Hidalgo,Center
498,11420,Miguel Hidalgo,Center
499,11430,Miguel Hidalgo,Center
500,11440,Miguel Hidalgo,Center
501,11450,Miguel Hidalgo,Center
502,11460,Miguel Hidalgo,Center
503,11470,Miguel Hidalgo,Center
504,11480,Miguel Hidalgo,Center
505,11489,Miguel Hidalgo,Center
506,11490,Miguel Hidalgo,Center
507,11500,Miguel Hidalgo,Center
508,11510,Miguel Hidalgo,Center
509,11520,Miguel Hidalgo,Center
510,11529,Miguel Hidalgo,Center
511,11530,Miguel Hidalgo,Center
512,11540,Miguel Hidalgo,Center
513,11550,Miguel Hidalgo,Center
514,11560,Miguel Hidalgo,Center
515,11580,Miguel Hidalgo,Center
516,11590,Miguel Hidalgo,Center
517,11600,Miguel Hidalgo,Center
518,11610,Miguel Hidalgo,Center
519,11619,Miguel Hidalgo,Center
520,11650,Miguel Hidalgo,Center
521,11700,Miguel Hidalgo,Center
522,11800,Miguel Hidalgo,Center
523,11810,Miguel Hidalgo,Center
524,11820,Miguel Hidalgo,Center
525,11830,Miguel Hidalgo,Center
526,11840,Miguel Hidalgo,Center
527,11850,Miguel Hidalgo,Center
528,11860,Miguel Hidalgo,Center
529,11870,Miguel Hidalgo,Center
530,11910,Miguel Hidalgo,Center
531,11920,Miguel Hidalgo,Center
532,11930,Miguel Hidalgo,Center
533,11950,Miguel Hidalgo,Center
534,1000,Álvaro Obregón,Center
535,1010,Álvaro Obregón,Center
536,1020,Álvaro Obregón,Center
537,1030,Álvaro Obregón,Center
538,1040,Álvaro Obregón,Center
539,1049,Álvaro Obregón,Center
540,1050,Álvaro Obregón,Center
541,1060,Álvaro Obregón,Center
542,1070,Álvaro Obregón,Center
543,1080,Álvaro Obregón,Center
544,1089,Álvaro Obregón,Center
545,1090,Álvaro Obregón,Center
546,1100,Álvaro Obregón,Center
547,1109,Álvaro Obregón,Center
548,1110,Álvaro Obregón,Center
549,1120,Álvaro Obregón,Center
550,1125,Álvaro Obregón,Center
551,1130,Álvaro Obregón,Center
552,1139,Álvaro Obregón,Center
553,1140,Álvaro Obregón,Center
554,1150,Álvaro Obregón,Center
555,1160,Álvaro Obregón,Center
556,1170,Álvaro Obregón,Center
557,1180,Álvaro Obregón,Center
558,1200,Álvaro Obregón,Center
559,1210,Álvaro Obregón,Center
560,1219,Álvaro Obregón,Center
561,1220,Álvaro Obregón,Center
562,1230,Álvaro Obregón,Center
563,1239,Álvaro Obregón,Center
564,1240,Álvaro Obregón,Center
565,1250,Álvaro Obregón,Center
566,1259,Álvaro Obregón,Center
567,1260,Álvaro Obregón,Center
568,1269,Álvaro Obregón,Center
569,1270,Álvaro Obregón,Center
570,1275,Álvaro Obregón,Center
571,1276,Álvaro Obregón,Center
572,1278,Álvaro Obregón,Center
573,1279,Álvaro Obregón,Center
574,1280,Álvaro Obregón,Center
575,1285,Álvaro Obregón,Center
576,1289,Álvaro Obregón,Center
577,1290,Álvaro Obregón,Center
578,1296,Álvaro Obregón,Center
579,1298,Álvaro Obregón,Center
580,1299,Álvaro Obregón,Center
581,1310,Álvaro Obregón,Center
582,1320,Álvaro Obregón,Center
583,1330,Álvaro Obregón,Center
584,1340,Álvaro Obregón,Center
585,1376,Álvaro Obregón,Center
586,1377,Álvaro Obregón,Center
587,1389,Álvaro Obregón,Center
588,1400,Álvaro Obregón,Center
589,1407,Álvaro Obregón,Center
590,1408,Álvaro Obregón,Center
591,1410,Álvaro Obregón,Center
592,1419,Álvaro Obregón,Center
593,1420,Álvaro Obregón,Center
594,1430,Álvaro Obregón,Center
595,1450,Álvaro Obregón,Center
596,1460,Álvaro Obregón,Center
597,1470,Álvaro Obregón,Center
598,1480,Álvaro Obregón,Center
599,1490,Álvaro Obregón,Center
600,1500,Álvaro Obregón,Center
601,1509,Álvaro Obregón,Center
602,1510,Álvaro Obregón,Center
603,1520,Álvaro Obregón,Center
604,1530,Álvaro Obregón,Center
605,1538,Álvaro Obregón,Center
606,1539,Álvaro Obregón,Center
607,1540,Álvaro Obregón,Center
608,1548,Álvaro Obregón,Center
609,1549,Álvaro Obregón,Center
610,1550,Álvaro Obregón,Center
611,1560,Álvaro Obregón,Center
612,1566,Álvaro Obregón,Center
613,1569,Álvaro Obregón,Center
614,1588,Álvaro Obregón,Center
615,1590,Álvaro Obregón,Center
616,1600,Álvaro Obregón,Center
617,1610,Álvaro Obregón,Center
618,1618,Álvaro Obregón,Center
619,1619,Álvaro Obregón,Center
620,1620,Álvaro Obregón,Center
621,1630,Álvaro Obregón,Center
622,1640,Álvaro Obregón,Center
623,1645,Álvaro Obregón,Center
624,1650,Álvaro Obregón,Center
625,1700,Álvaro Obregón,Center
626,1708,Álvaro Obregón,Center
627,1710,Álvaro Obregón,Center
628,1720,Álvaro Obregón,Center
629,1729,Álvaro Obregón,Center
630,1730,Álvaro Obregón,Center
631,1740,Álvaro Obregón,Center
632,1750,Álvaro Obregón,Center
633,1759,Álvaro Obregón,Center
634,1760,Álvaro Obregón,Center
635,1770,Álvaro Obregón,Center
636,1780,Álvaro Obregón,Center
637,1789,Álvaro Obregón,Center
638,1790,Álvaro Obregón,Center
639,1800,Álvaro Obregón,Center
640,1807,Álvaro Obregón,Center
641,1810,Álvaro Obregón,Center
642,1820,Álvaro Obregón,Center
643,1830,Álvaro Obregón,Center
644,1840,Álvaro Obregón,Center
645,1849,Álvaro Obregón,Center
646,1857,Álvaro Obregón,Center
647,1859,Álvaro Obregón,Center
648,1860,Álvaro Obregón,Center
649,1863,Álvaro Obregón,Center
650,1870,Álvaro Obregón,Center
651,1900,Álvaro Obregón,Center
652,1904,Álvaro Obregón,Center
653,10000,La Magdalena Contreras,West
654,10010,La Magdalena Contreras,West
655,10020,La Magdalena Contreras,West
656,10130,La Magdalena Contreras,West
657,10200,La Magdalena Contreras,West
658,10300,La Magdalena Contreras,West
659,10320,La Magdalena Contreras,West
660,10330,La Magdalena Contreras,West
661,10340,La Magdalena Contreras,West
662,10350,La Magdalena Contreras,West
663,10360,La Magdalena Contreras,West
664,10368,La Magdalena Contreras,West
665,10369,La Magdalena Contreras,West
666,10370,La Magdalena Contreras,West
667,10378,La Magdalena Contreras,West
668,10379,La Magdalena Contreras,West
669,10380,La Magdalena Contreras,West
670,10400,La Magdalena Contreras,West
671,10500,La Magdalena Contreras,West
672,10580,La Magdalena Contreras,West
673,10600,La Magdalena Contreras,West
674,10610,La Magdalena Contreras,West
675,10620,La Magdalena Contreras,West
676,10630,La Magdalena Contreras,West
677,10640,La Magdalena Contreras,West
678,10660,La Magdalena Contreras,West
679,10700,La Magdalena Contreras,West
680,10710,La Magdalena Contreras,West
681,10800,La Magdalena Contreras,West
682,10810,La Magdalena Contreras,West
683,10820,La Magdalena Contreras,West
684,10830,La Magdalena Contreras,West
685,10840,La Magdalena Contreras,West
686,10900,La Magdalena Contreras,West
687,10910,La Magdalena Contreras,West
688,10920,La Magdalena Contreras,West
689,10926,La Magdalena Contreras,West
690,14000,Tlalpan,East
691,14010,Tlalpan,East
692,14020,Tlalpan,East
693,14030,Tlalpan,East
694,14039,Tlalpan,East
695,14040,Tlalpan,East
696,14049,Tlalpan,East
697,14050,Tlalpan,East
698,14060,Tlalpan,East
699,14070,Tlalpan,East
700,14080,Tlalpan,East
701,14090,Tlalpan,East
702,14100,Tlalpan,East
703,14108,Tlalpan,East
704,14110,Tlalpan,East
705,14120,Tlalpan,East
706,14140,Tlalpan,East
707,14150,Tlalpan,East
708,14160,Tlalpan,East
709,14200,Tlalpan,East
710,14208,Tlalpan,East
711,14209,Tlalpan,East
712,14210,Tlalpan,East
713,14219,Tlalpan,East
714,14220,Tlalpan,East
715,14230,Tlalpan,East
716,14239,Tlalpan,East
717,14240,Tlalpan,East
718,14248,Tlalpan,East
719,14250,Tlalpan,East
720,14260,Tlalpan,East
721,14266,Tlalpan,East
722,14267,Tlalpan,East
723,14268,Tlalpan,East
724,14269,Tlalpan,East
725,14270,Tlalpan,East
726,14275,Tlalpan,East
727,14300,Tlalpan,East
728,14308,Tlalpan,East
729,14310,Tlalpan,East
730,14320,Tlalpan,East
731,14325,Tlalpan,East
732,14326,Tlalpan,East
733,14330,Tlalpan,East
734,14340,Tlalpan,East
735,14350,Tlalpan,East
736,14357,Tlalpan,East
737,14360,Tlalpan,East
738,14370,Tlalpan,East
739,14376,Tlalpan,East
740,14377,Tlalpan,East
741,14380,Tlalpan,East
742,14386,Tlalpan,East
743,14387,Tlalpan,East
744,14388,Tlalpan,East
745,14389,Tlalpan,East
746,14390,Tlalpan,East
747,14400,Tlalpan,East
748,14406,Tlalpan,East
749,14408,Tlalpan,East
750,14409,Tlalpan,East
751,14410,Tlalpan,East
752,14420,Tlalpan,East
753,14426,Tlalpan,East
754,14427,Tlalpan,East
755,14429,Tlalpan,East
756,14430,Tlalpan,East
757,14438,Tlalpan,East
758,14439,Tlalpan,East
759,14440,Tlalpan,East
760,14449,Tlalpan,East
761,14460,Tlalpan,East
762,14470,Tlalpan,East
763,14476,Tlalpan,East
764,14479,Tlalpan,East
765,14480,Tlalpan,East
766,14490,Tlalpan,East
767,14500,Tlalpan,East
768,14600,Tlalpan,East
769,14608,Tlalpan,East
770,14609,Tlalpan,East
771,14610,Tlalpan,East
772,14620,Tlalpan,East
773,14629,Tlalpan,East
774,14630,Tlalpan,East
775,14640,Tlalpan,East
776,14643,Tlalpan,East
777,14646,Tlalpan,East
778,14647,Tlalpan,East
779,14650,Tlalpan,East
780,14653,Tlalpan,East
781,14657,Tlalpan,East
782,14658,Tlalpan,East
783,14659,Tlalpan,East
784,14700,Tlalpan,East
785,14710,Tlalpan,East
786,14720,Tlalpan,East
787,14730,Tlalpan,East
788,14735,Tlalpan,East
789,14737,Tlalpan,East
790,14738,Tlalpan,East
791,14739,Tlalpan,East
792,14740,Tlalpan,East
793,14748,Tlalpan,East
794,14749,Tlalpan,East
795,14760,Tlalpan,East
796,14900,Tlalpan,East
797,6000,Cuauhtémoc,Center
798,6010,Cuauhtémoc,Center
799,6020,Cuauhtémoc,Center
800,6030,Cuauhtémoc,Center
801,6040,Cuauhtémoc,Center
802,6050,Cuauhtémoc,Center
803,6060,Cuauhtémoc,Center
804,6070,Cuauhtémoc,Center
805,6080,Cuauhtémoc,Center
806,6090,Cuauhtémoc,Center
807,6100,Cuauhtémoc,Center
808,6140,Cuauhtémoc,Center
809,6170,Cuauhtémoc,Center
810,6200,Cuauhtémoc,Center
811,6220,Cuauhtémoc,Center
812,6240,Cuauhtémoc,Center
813,6250,Cuauhtémoc,Center
814,6270,Cuauhtémoc,Center
815,6280,Cuauhtémoc,Center
816,6300,Cuauhtémoc,Center
817,6350,Cuauhtémoc,Center
818,6400,Cuauhtémoc,Center
819,6430,Cuauhtémoc,Center
820,6450,Cuauhtémoc,Center
821,6470,Cuauhtémoc,Center
822,6500,Cuauhtémoc,Center
823,6600,Cuauhtémoc,Center
824,6700,Cuauhtémoc,Center
825,6720,Cuauhtémoc,Center
826,6760,Cuauhtémoc,Center
827,6780,Cuauhtémoc,Center
828,6800,Cuauhtémoc,Center
829,6820,Cuauhtémoc,Center
830,6840,Cuauhtémoc,Center
831,6850,Cuauhtémoc,Center
832,6860,Cuauhtémoc,Center
833,6870,Cuauhtémoc,Center
834,6880,Cuauhtémoc,Center
835,6890,Cuauhtémoc,Center
836,6900,Cuauhtémoc,Center
837,6920,Cuauhtémoc,Center
838,3000,Benito Juárez,Center
839,3010,Benito Juárez,Center
840,3020,Benito Juárez,Center
841,3023,Benito Juárez,Center
842,3100,Benito Juárez,Center
843,3103,Benito Juárez,Center
844,3104,Benito Juárez,Center
845,3200,Benito Juárez,Center
846,3230,Benito Juárez,Center
847,3240,Benito Juárez,Center
848,3300,Benito Juárez,Center
849,3303,Benito Juárez,Center
850,3310,Benito Juárez,Center
851,3320,Benito Juárez,Center
852,3330,Benito Juárez,Center
853,3340,Benito Juárez,Center
854,3400,Benito Juárez,Center
855,3410,Benito Juárez,Center
856,3420,Benito Juárez,Center
857,3430,Benito Juárez,Center
858,3440,Benito Juárez,Center
859,3500,Benito Juárez,Center
860,3510,Benito Juárez,Center
861,3520,Benito Juárez,Center
862,3530,Benito Juárez,Center
863,3540,Benito Juárez,Center
864,3550,Benito Juárez,Center
865,3560,Benito Juárez,Center
866,3570,Benito Juárez,Center
867,3580,Benito Juárez,Center
868,3590,Benito Juárez,Center
869,3600,Benito Juárez,Center
870,3610,Benito Juárez,Center
871,3620,Benito Juárez,Center
872,3630,Benito Juárez,Center
873,3640,Benito Juárez,Center
874,3650,Benito Juárez,Center
875,3660,Benito Juárez,Center
876,3700,Benito Juárez,Center
877,3710,Benito Juárez,Center
878,3720,Benito Juárez,Center
879,3730,Benito Juárez,Center
880,3740,Benito Juárez,Center
881,3800,Benito Juárez,Center
882,3810,Benito Juárez,Center
883,3820,Benito Juárez,Center
884,3840,Benito Juárez,Center
885,3900,Benito Juárez,Center
886,3910,Benito Juárez,Center
887,3920,Benito Juárez,Center
888,3930,Benito Juárez,Center
889,3940,Benito Juárez,Center
890,4000,Coyoacán,Center
891,4010,Coyoacán,Center
892,4020,Coyoacán,Center
893,4030,Coyoacán,Center
894,4040,Coyoacán,Center
895,4100,Coyoacán,Center
896,4120,Coyoacán,Center
897,4200,Coyoacán,Center
898,4210,Coyoacán,Center
899,4230,Coyoacán,Center
900,4240,Coyoacán,Center
901,4250,Coyoacán,Center
902,4260,Coyoacán,Center
903,4300,Coyoacán,Center
904,4310,Coyoacán,Center
905,4318,Coyoacán,Center
906,4320,Coyoacán,Center
907,4330,Coyoacán,Center
908,4340,Coyoacán,Center
909,4360,Coyoacán,Center
910,4369,Coyoacán,Center
911,4370,Coyoacán,Center
912,4380,Coyoacán,Center
913,4390,Coyoacán,Center
914,4400,Coyoacán,Center
915,4410,Coyoacán,Center
916,4420,Coyoacán,Center
917,4440,Coyoacán,Center
918,4450,Coyoacán,Center
919,4460,Coyoacán,Center
920,4470,Coyoacán,Center
921,4480,Coyoacán,Center
922,4489,Coyoacán,Center
923,4490,Coyoacán,Center
924,4500,Coyoacán,Center
925,4510,Coyoacán,Center
926,4519,Coyoacán,Center
927,4530,Coyoacán,Center
928,4600,Coyoacán,Center
929,4610,Coyoacán,Center
930,4620,Coyoacán,Center
931,4630,Coyoacán,Center
932,4640,Coyoacán,Center
933,4650,Coyoacán,Center
934,4660,Coyoacán,Center
935,4700,Coyoacán,Center
936,4710,Coyoacán,Center
937,4730,Coyoacán,Center
938,4739,Coyoacán,Center
939,4800,Coyoacán,Center
940,4810,Coyoacán,Center
941,4815,Coyoacán,Center
942,4830,Coyoacán,Center
943,4840,Coyoacán,Center
944,4870,Coyoacán,Center
945,4890,Coyoacán,Center
946,4899,Coyoacán,Center
947,4909,Coyoacán,Center
948,4910,Coyoacán,Center
949,4918,Coyoacán,Center
950,4919,Coyoacán,Center
951,4920,Coyoacán,Center
952,4929,Coyoacán,Center
953,4930,Coyoacán,Center
954,4938,Coyoacán,Center
955,4939,Coyoacán,Center
956,4940,Coyoacán,Center
957,4950,Coyoacán,Center
958,4960,Coyoacán,Center
959,4970,Coyoacán,Center
960,4980,Coyoacán,Center
961,7000,Gustavo A. Madero,North
962,7010,Gustavo A. Madero,North
963,7020,Gustavo A. Madero,North
964,7040,Gustavo A. Madero,North
965,7050,Gustavo A. Madero,North
966,7058,Gustavo A. Madero,North
967,7060,Gustavo A. Madero,North
968,7069,Gustavo A. Madero,North
969,7070,Gustavo A. Madero,North
970,7080,Gustavo A. Madero,North
971,7089,Gustavo A. Madero,North
972,7090,Gustavo A. Madero,North
973,7100,Gustavo A. Madero,North
974,7109,Gustavo A. Madero,North
975,7110,Gustavo A. Madero,North
976,7119,Gustavo A. Madero,North
977,7130,Gustavo A. Madero,North
978,7140,Gustavo A. Madero,North
979,7144,Gustavo A. Madero,North
980,7149,Gustavo A. Madero,North
981,7150,Gustavo A. Madero,North
982,7160,Gustavo A. Madero,North
983,7164,Gustavo A. Madero,North
984,7170,Gustavo A. Madero,North
985,7180,Gustavo A. Madero,North
986,7183,Gustavo A. Madero,North
987,7187,Gustavo A. Madero,North
988,7188,Gustavo A. Madero,North
989,7189,Gustavo A. Madero,North
990,7190,Gustavo A. Madero,North
991,7199,Gustavo A. Madero,North
992,7200,Gustavo A. Madero,North
993,7207,Gustavo A. Madero,North
994,7209,Gustavo A. Madero,North
995,7210,Gustavo A. Madero,North
996,7214,Gustavo A. Madero,North
997,7220,Gustavo A. Madero,North
998,7224,Gustavo A. Madero,North
999,7230,Gustavo A. Madero,North
1000,7239,Gustavo A. Madero,North
1001,7240,Gustavo A. Madero,North
1002,7250,Gustavo A. Madero,North
1003,7259,Gustavo A. Madero,North
1004,7268,Gustavo A. Madero,North
1005,7270,Gustavo A. Madero,North
1006,7279,Gustavo A. Madero,North
1007,7280,Gustavo A. Madero,North
1008,7290,Gustavo A. Madero,North
1009,7300,Gustavo A. Madero,North
1010,7310,Gustavo A. Madero,North
1011,7320,Gustavo A. Madero,North
1012,7330,Gustavo A. Madero,North
1013,7340,Gustavo A. Madero,North
1014,7350,Gustavo A. Madero,North
1015,7359,Gustavo A. Madero,North
1016,7360,Gustavo A. Madero,North
1017,7369,Gustavo A. Madero,North
1018,7370,Gustavo A. Madero,North
1019,7380,Gustavo A. Madero,North
1020,7400,Gustavo A. Madero,North
1021,7410,Gustavo A. Madero,North
1022,7420,Gustavo A. Madero,North
1023,7430,Gustavo A. Madero,North
1024,7440,Gustavo A. Madero,North
1025,7450,Gustavo A. Madero,North
1026,7455,Gustavo A. Madero,North
1027,7456,Gustavo A. Madero,North
1028,7460,Gustavo A. Madero,North
1029,7469,Gustavo A. Madero,North
1030,7470,Gustavo A. Madero,North
1031,7480,Gustavo A. Madero,North
1032,7500,Gustavo A. Madero,North
1033,7509,Gustavo A. Madero,North
1034,7510,Gustavo A. Madero,North
1035,7520,Gustavo A. Madero,North
1036,7530,Gustavo A. Madero,North
1037,7540,Gustavo A. Madero,North
1038,7550,Gustavo A. Madero,North
1039,7560,Gustavo A. Madero,North
1040,7570,Gustavo A. Madero,North
1041,7580,Gustavo A. Madero,North
1042,7600,Gustavo A. Madero,North
1043,7620,Gustavo A. Madero,North
1044,7630,Gustavo A. Madero,North
1045,7640,Gustavo A. Madero,North
1046,7650,Gustavo A. Madero,North
1047,7670,Gustavo A. Madero,North
1048,7680,Gustavo A. Madero,North
1049,7700,Gustavo A. Madero,North
1050,7707,Gustavo A. Madero,North
1051,7708,Gustavo A. Madero,North
1052,7720,Gustavo A. Madero,North
1053,7730,Gustavo A. Madero,North
1054,7739,Gustavo A. Madero,North
1055,7740,Gustavo A. Madero,North
1056,7750,Gustavo A. Madero,North
1057,7754,Gustavo A. Madero,North
1058,7755,Gustavo A. Madero,North
1059,7760,Gustavo A. Madero,North
1060,7770,Gustavo A. Madero,North
1061,7780,Gustavo A. Madero,North
1062,7790,Gustavo A. Madero,North
1063,7800,Gustavo A. Madero,North
1064,7810,Gustavo A. Madero,North
1065,7820,Gustavo A. Madero,North
1066,7830,Gustavo A. Madero,North
1067,7838,Gustavo A. Madero,North
1068,7839,Gustavo A. Madero,North
1069,7840,Gustavo A. Madero,North
1070,7850,Gustavo A. Madero,North
1071,7858,Gustavo A. Madero,North
1072,7859,Gustavo A. Madero,North
1073,7860,Gustavo A. Madero,North
1074,7869,Gustavo A. Madero,North
1075,7870,Gustavo A. Madero,North
1076,7880,Gustavo A. Madero,North
1077,7889,Gustavo A. Madero,North
1078,7890,Gustavo A. Madero,North
1079,7899,Gustavo A. Madero,North
1080,7900,Gustavo A. Madero,North
1081,7910,Gustavo A. Madero,North
1082,7918,Gustavo A. Madero,North
1083,7919,Gustavo A. Madero,North
1084,7920,Gustavo A. Madero,North
1085,7930,Gustavo A. Madero,North
1086,7939,Gustavo A. Madero,North
1087,7940,Gustavo A. Madero,North
1088,7950,Gustavo A. Madero,North
1089,7960,Gustavo A. Madero,North
1090,7969,Gustavo A. Madero,North
1091,7970,Gustavo A. Madero,North
1092,7979,Gustavo A. Madero,North
1093,7980,Gustavo A. Madero,North
1094,7990,Gustavo A. Madero,North
1095,16000,Xochimilco,East
1096,16010,Xochimilco,East
1097,16020,Xochimilco,East
1098,16029,Xochimilco,East
1099,16030,Xochimilco,East
1100,16034,Xochimilco,East
1101,16035,Xochimilco,East
1102,16036,Xochimilco,East
1103,16038,Xochimilco,East
1104,16040,Xochimilco,East
1105,16050,Xochimilco,East
1106,16059,Xochimilco,East
1107,16060,Xochimilco,East
1108,16070,Xochimilco,East
1109,16080,Xochimilco,East
1110,16090,Xochimilco,East
1111,16100,Xochimilco,East
1112,16200,Xochimilco,East
1113,16210,Xochimilco,East
1114,16300,Xochimilco,East
1115,16310,Xochimilco,East
1116,16320,Xochimilco,East
1117,16340,Xochimilco,East
1118,16400,Xochimilco,East
1119,16410,Xochimilco,East
1120,16420,Xochimilco,East
1121,16428,Xochimilco,East
1122,16429,Xochimilco,East
1123,16430,Xochimilco,East
1124,16440,Xochimilco,East
1125,16443,Xochimilco,East
1126,16450,Xochimilco,East
1127,16457,Xochimilco,East
1128,16459,Xochimilco,East
1129,16500,Xochimilco,East
1130,16513,Xochimilco,East
1131,16514,Xochimilco,East
1132,16520,Xochimilco,East
1133,16530,Xochimilco,East
1134,16533,Xochimilco,East
1135,16550,Xochimilco,East
1136,16600,Xochimilco,East
1137,16604,Xochimilco,East
1138,16605,Xochimilco,East
1139,16606,Xochimilco,East
1140,16607,Xochimilco,East
1141,16609,Xochimilco,East
1142,16610,Xochimilco,East
1143,16614,Xochimilco,East
1144,16615,Xochimilco,East
1145,16616,Xochimilco,East
1146,16617,Xochimilco,East
1147,16620,Xochimilco,East
1148,16629,Xochimilco,East
1149,16630,Xochimilco,East
1150,16640,Xochimilco,East
1151,16710,Xochimilco,East
1152,16720,Xochimilco,East
1153,16739,Xochimilco,East
1154,16740,Xochimilco,East
1155,16749,Xochimilco,East
1156,16750,Xochimilco,East
1157,16770,Xochimilco,East
1158,16776,Xochimilco,East
1159,16780,Xochimilco,East
1160,16797,Xochimilco,East
1161,16799,Xochimilco,East
1162,16800,Xochimilco,East
1163,16810,Xochimilco,East
1164,16813,Xochimilco,East
1165,16840,Xochimilco,East
1166,16850,Xochimilco,East
1167,16860,Xochimilco,East
1168,16880,Xochimilco,East
1169,16900,Xochimilco,East
1170,15000,Venustiano Carranza,East
1171,15010,Venustiano Carranza,East
1172,15020,Venustiano Carranza,East
1173,15100,Venustiano Carranza,East
1174,15200,Venustiano Carranza,East
1175,15210,Venustiano Carranza,East
1176,15220,Venustiano Carranza,East
1177,15230,Venustiano Carranza,East
1178,15240,Venustiano Carranza,East
1179,15250,Venustiano Carranza,East
1180,15260,Venustiano Carranza,East
1181,15270,Venustiano Carranza,East
1182,15280,Venustiano Carranza,East
1183,15290,Venustiano Carranza,East
1184,15300,Venustiano Carranza,East
1185,15309,Venustiano Carranza,East
1186,15310,Venustiano Carranza,East
1187,15320,Venustiano Carranza,East
1188,15330,Venustiano Carranza,East
1189,15339,Venustiano Carranza,East
1190,15340,Venustiano Carranza,East
1191,15350,Venustiano Carranza,East
1192,15370,Venustiano Carranza,East
1193,15380,Venustiano Carranza,East
1194,15390,Venustiano Carranza,East
1195,15400,Venustiano Carranza,East
1196,15410,Venustiano Carranza,East
1197,15420,Venustiano Carranza,East
1198,15430,Venustiano Carranza,East
1199,15440,Venustiano Carranza,East
1200,15450,Venustiano Carranza,East
1201,15460,Venustiano Carranza,East
1202,15470,Venustiano Carranza,East
1203,15500,Venustiano Carranza,East
1204,15510,Venustiano Carranza,East
1205,15520,Venustiano Carranza,East
1206,15530,Venustiano Carranza,East
1207,15540,Venustiano Carranza,East
1208,15600,Venustiano Carranza,East
1209,15610,Venustiano Carranza,East
1210,15620,Venustiano Carranza,East
1211,15630,Venustiano Carranza,East
1212,15640,Venustiano Carranza,East
1213,15650,Venustiano Carranza,East
1214,15660,Venustiano Carranza,East
1215,15670,Venustiano Carranza,East
1216,15680,Venustiano Carranza,East
1217,15700,Venustiano Carranza,East
1218,15710,Venustiano Carranza,East
1219,15730,Venustiano Carranza,East
1220,15740,Venustiano Carranza,East
1221,15750,Venustiano Carranza,East
1222,15800,Venustiano Carranza,East
1223,15810,Venustiano Carranza,East
1224,15820,Venustiano Carranza,East
1225,15830,Venustiano Carranza,East
1226,15840,Venustiano Carranza,East
1227,15850,Venustiano Carranza,East
1228,15860,Venustiano Carranza,East
1229,15870,Venustiano Carranza,East
1230,15900,Venustiano Carranza,East
1231,15960,Venustiano Carranza,East
1232,15970,Venustiano Carranza,East
1233,15980,Venustiano Carranza,East
1234,15990,Venustiano Carranza,East
1235,8000,Iztacalco,East
1236,8010,Iztacalco,East
1237,8020,Iztacalco,East
1238,8030,Iztacalco,East
1239,8040,Iztacalco,East
1240,8100,Iztacalco,East
1241,8200,Iztacalco,East
1242,8210,Iztacalco,East
1243,8220,Iztacalco,East
1244,8230,Iztacalco,East
1245,8240,Iztacalco,East
1246,8300,Iztacalco,East
1247,8310,Iztacalco,East
1248,8320,Iztacalco,East
1249,8400,Iztacalco,East
1250,8420,Iztacalco,East
1251,8500,Iztacalco,East
1252,8510,Iztacalco,East
1253,8600,Iztacalco,East
1254,8610,Iztacalco,East
1255,8620,Iztacalco,East
1256,8650,Iztacalco,East
1257,8700,Iztacalco,East
1258,8710,Iztacalco,East
1259,8720,Iztacalco,East
1260,8730,Iztacalco,East
1261,8760,Iztacalco,East
1262,8770,Iztacalco,East
1263,8800,Iztacalco,East
1264,8810,Iztacalco,East
1265,8830,Iztacalco,East
1266,8840,Iztacalco,East
1267,8900,Iztacalco,East
1268,8910,Iztacalco,East
1269,8920,Iztacalco,East
1270,8930,Iztacalco,East
1271,9000,Iztapalapa,East
1272,9010,Iztapalapa,East
1273,9020,Iztapalapa,East
1274,9030,Iztapalapa,East
1275,9040,Iztapalapa,East
1276,9060,Iztapalapa,East
1277,9070,Iztapalapa,East
1278,9080,Iztapalapa,East
1279,9089,Iztapalapa,East
1280,9090,Iztapalapa,East
1281,9099,Iztapalapa,East
1282,9100,Iztapalapa,East
1283,9130,Iztapalapa,East
1284,9140,Iztapalapa,East
1285,9180,Iztapalapa,East
1286,9200,Iztapalapa,East
1287,9208,Iztapalapa,East
1288,9209,Iztapalapa,East
1289,9210,Iztapalapa,East
1290,9220,Iztapalapa,East
1291,9230,Iztapalapa,East
1292,9239,Iztapalapa,East
1293,9240,Iztapalapa,East
1294,9250,Iztapalapa,East
1295,9260,Iztapalapa,East
1296,9270,Iztapalapa,East
1297,9280,Iztapalapa,East
1298,9290,Iztapalapa,East
1299,9300,Iztapalapa,East
1300,9310,Iztapalapa,East
1301,9319,Iztapalapa,East
1302,9320,Iztapalapa,East
1303,9350,Iztapalapa,East
1304,9359,Iztapalapa,East
1305,9360,Iztapalapa,East
1306,9400,Iztapalapa,East
1307,9410,Iztapalapa,East
1308,9420,Iztapalapa,East
1309,9429,Iztapalapa,East
1310,9430,Iztapalapa,East
1311,9438,Iztapalapa,East
1312,9440,Iztapalapa,East
1313,9450,Iztapalapa,East
1314,9460,Iztapalapa,East
1315,9470,Iztapalapa,East
1316,9479,Iztapalapa,East
1317,9480,Iztapalapa,East
1318,9500,Iztapalapa,East
1319,9510,Iztapalapa,East
1320,9520,Iztapalapa,East
1321,9530,Iztapalapa,East
1322,9550,Iztapalapa,East
1323,9560,Iztapalapa,East
1324,9570,Iztapalapa,East
1325,9578,Iztapalapa,East
1326,9600,Iztapalapa,East
1327,9608,Iztapalapa,East
1328,9609,Iztapalapa,East
1329,9620,Iztapalapa,East
1330,9630,Iztapalapa,East
1331,9637,Iztapalapa,East
1332,9638,Iztapalapa,East
1333,9640,Iztapalapa,East
1334,9648,Iztapalapa,East
1335,9660,Iztapalapa,East
1336,9670,Iztapalapa,East
1337,9680,Iztapalapa,East
1338,9689,Iztapalapa,East
1339,9690,Iztapalapa,East
1340,9696,Iztapalapa,East
1341,9698,Iztapalapa,East
1342,9700,Iztapalapa,East
1343,9704,Iztapalapa,East
1344,9705,Iztapalapa,East
1345,9706,Iztapalapa,East
1346,9708,Iztapalapa,East
1347,9709,Iztapalapa,East
1348,9710,Iztapalapa,East
1349,9720,Iztapalapa,East
1350,9730,Iztapalapa,East
1351,9740,Iztapalapa,East
1352,9750,Iztapalapa,East
1353,9760,Iztapalapa,East
1354,9769,Iztapalapa,East
1355,9770,Iztapalapa,East
1356,9780,Iztapalapa,East
1357,9790,Iztapalapa,East
1358,9800,Iztapalapa,East
1359,9810,Iztapalapa,East
1360,9819,Iztapalapa,East
1361,9820,Iztapalapa,East
1362,9828,Iztapalapa,East
1363,9829,Iztapalapa,East
1364,9830,Iztapalapa,East
1365,9837,Iztapalapa,East
1366,9838,Iztapalapa,East
1367,9839,Iztapalapa,East
1368,9840,Iztapalapa,East
1369,9849,Iztapalapa,East
1370,9850,Iztapalapa,East
1371,9856,Iztapalapa,East
1372,9858,Iztapalapa,East
1373,9859,Iztapalapa,East
1374,9860,Iztapalapa,East
1375,9868,Iztapalapa,East
1376,9870,Iztapalapa,East
1377,9880,Iztapalapa,East
1378,9890,Iztapalapa,East
1379,9897,Iztapalapa,East
1380,9900,Iztapalapa,East
1381,9910,Iztapalapa,East
1382,9920,Iztapalapa,East
1383,9930,Iztapalapa,East
1384,9940,Iztapalapa,East
1385,9960,Iztapalapa,East
1386,9969,Iztapalapa,East
1387,9970,Iztapalapa,East
